Mes;Ingresos €;Satisfacción cliente;Disponibilidad %;Incidencias;Tiempo resolución h;Formación h;Empleados
Enero;82000;7,4;94,2;128;18,5;12;42
Febrero;84500;7,6;95,1;121;17,2;15;42
Marzo;87000;7,8;95,8;115;15,8;18;43
Abril;89500;8,0;96,4;108;14,1;20;43
Mayo;91000;8,1;96,8;101;12,8;22;44
Junio;94000;8,3;97,2;94;11,6;25;44
Julio;96500;8,4;97,5;89;10,8;18;44
Agosto;93000;8,2;96,9;97;12,1;10;44
Septiembre;99000;8,5;97,8;82;9,7;24;45
Octubre;103000;8,7;98,1;76;8,9;26;45
Noviembre;106000;8,8;98,4;71;8,2;28;45
Diciembre;110000;9,0;98,6;65;7,5;30;45